<?xml version="1.0" encoding="UTF-8" standalone="no"?>
<!-- Generated 11 ene 2024 10:00:48 by Hibernate Tools 5.6.15.Final --><!DOCTYPE hibernate-mapping PUBLIC "-//Hibernate/Hibernate Mapping DTD 3.0//EN" "http://www.hibernate.org/dtd/hibernate-mapping-3.0.dtd">
<hibernate-mapping>
    <class catalog="empresas" name="entities.Departamentos" optimistic-lock="none" table="departamentos">
        <id name="depNo" type="int">
            <column name="depNo"/>
            <generator class="assigned"/>
        </id>
        <property name="dnombre" type="string">
            <column length="20" name="dnombre" not-null="true"/>
        </property>
        <property name="dloc" type="string">
            <column length="20" name="dloc" not-null="true"/>
        </property>
        <set fetch="select" inverse="true" lazy="true" name="empleadoses" table="empleados">
            <key>
                <column name="depNo" not-null="true"/>
            </key>
            <one-to-many class="entities.Empleados"/>
        </set>
    </class>
</hibernate-mapping>
