<?xml version="1.0" encoding="UTF-8" standalone="no"?>
<!-- Generated 11 ene 2024 10:00:48 by Hibernate Tools 5.6.15.Final --><!DOCTYPE hibernate-mapping PUBLIC "-//Hibernate/Hibernate Mapping DTD 3.0//EN" "http://www.hibernate.org/dtd/hibernate-mapping-3.0.dtd">
<hibernate-mapping>
    <class catalog="empresas" name="entities.Empleados" optimistic-lock="none" table="empleados">
        <id name="empNo" type="int">
            <column name="empNo"/>
            <generator class="assigned"/>
        </id>
        <many-to-one class="entities.Departamentos" fetch="select" name="departamentos">
            <column name="depNo" not-null="true"/>
        </many-to-one>
        <property name="nombre" type="string">
            <column length="20" name="nombre" not-null="true"/>
        </property>
        <property name="apellido" type="string">
            <column length="20" name="apellido" not-null="true"/>
        </property>
        <property name="oficio" type="string">
            <column length="20" name="oficio" not-null="true"/>
        </property>
        <property name="salario" type="int">
            <column name="salario" not-null="true"/>
        </property>
    </class>
</hibernate-mapping>
